Hotel_Name,Hotel_Rating,City,Hotel_Price,Place_ID,Photo_Reference
"Crowne Plaza New Delhi Rohini, an IHG Hotel",4.4,delhi,7825,ChIJ3RlMdckBDTkR0pjpqymKelw,AdDdOWpdGIWmtkmcEMR8b7jXaKWSGP8VQuEbPN1QSEbJgf2l-UAqv1yL737pkcHGTGBINUXb7wNh5_gW3IJdSFy36hPHSQBUieuhJ1hz4MkDrNzm2KEgUKtSi_ZFEmjM6xc7umWFnG4Sbdegz-OGd2sIdLcQpwYHEP8mWVAhR8_QopmwzklG
ट्राइडेंट होटल,4.6,delhi,12272,ChIJj2S21B0ZDTkRRyJ8WllyPMA,AdDdOWprM-Tl32I2ABYCyoNRR66wIOR3uZCmaA92YyOlRSqkhY6gDeHyddjVajWz0PG3vBGiIYHZ1xYFIMDoBSVuNEuR1X5Yc1QfErZJXPVFAOU_jIABqVKfYGiECbTX8fl5q_4MPfnHjwd7QaQ3u1PJlX_28MKRarME4qsnjs6LGoPSjAmO
Nu Delhi Homestay - Deluxe Double Room,4.6,delhi,1999,ChIJBeUtHnTiDDkR4Ubj5utSO8c,AdDdOWqiOZjImwYK6k5FN7iMDq8T3ldpqA9K6rXliKnDOJPhLNcB2mymczdQeI6p2G3nKNpYQ1Zwtc_x6yUIm68wM_vOgWwRUdQ7an1gbaRdQg5k_tqodG0FtsxMbQZj1tL0hXafF-R0-WH9ldr2ERQgmFW8Lw7BAksu-PKf5KdYnfXFIfTb
The Leela Ambience Convention Hotel Delhi,4.5,delhi,9809,ChIJq7-D7G77DDkR93Czw_SxpJ4,AdDdOWogyaVQbp-0pnjn4ZcWWru-_w00WbUMxlXjnDGNa-7tMKVJVbeaBUVt94j5HNAd08nCVbA1sXhjqwjDrCPILMrWgrUpYdvvY-Q4j_SMEUEreZcvKOTSwlGVWs5zpjLPbfg-voXOZOqZ9TNZcG3en9vW1KgDuvsGmW9qVk3IiiiaGN2i
Hotel City Park- Hotels in Delhi,4.2,delhi,5376,ChIJVVVVJdQDDTkRyYcuYnqjUqc,AdDdOWpQwpErtOBemOTkIYUNUi9Opc1kw0Yg3qv11RvkUm85tkUekZ6uutruDo0IdppnwDCR3FrIhVlJSQ6oL7uzAAzjwZtftRsH5BHh0CYc3pWbUkFibZhshC_nuvN2gudMNKTGn-Mbg37uAyji4hCCioAOyoIwxZCrgu1I-zJ49_12M2bX
Hotel Mayda Residency By Mayda Hospitality Pvt. Ltd.,4.6,delhi,1212,ChIJzyidtTEdDTkR32S2ajuXbOs,AdDdOWrYzBgDG9iuQL_2kBoEjJFbsZmRkUyVcQSBtCoimJPUnsLTy_GD0zerM76PwhbF7wYjY63zwaaYI2d4COLWQzTLGtTQWY_NgWEgOXK82eyHTGeZJYAZiUyN4LmFNz2FsvybnL7kaaOYA7-5OjZ9WPsUO4Hk-WE4npY90lIgKPWzJG6t
JRD Pride,4.4,delhi,4720,ChIJAd8A0orjDDkRjr_v7ohML7k,AdDdOWqAtcfY7MzFbnoCsKXS8bf9nTGENEpg8Qt7TRK72gPWA21LODA8UhYP9jFhtwP3fgE73RV2TtPkmlwLTSMBG2L0xWupzpoMhOWE9EaGMCX9jFJ-zvw4e_Cpo6zt58TS9E-HkhsQXaGOjgD81Rt3NlURyi7j7e-2BLi6kMA4EZQTl-Pf
Radisson Blu Hotel New Delhi Paschim Vihar,4.4,delhi,7285,ChIJFzlAtHoEDTkRWL-rjvV_XKE,AdDdOWpXVOvufsuG_AVCgkoGOfStLvpMxtva-f5_xH3m8-PZgQibeoK6lttZU3FUicVVXHgg-LeQ8VV0zSgU4n0xR6hmgNU_Bc0E451ngTJJ_36YwtTpjrgdUpF7y4j0fla96ca2x0-Ob2L71JN-QSg-Jd70iYHqLwT-JqKeL3MCuYOsdgHV
IIDL Suites,4.3,delhi,5720,ChIJYWObOR_lDDkRC3aMeHig0Mw,AdDdOWoDnZ1xwvY--yqtPrDhFXAUUKpfImJ6a2qnPJJgfyTHFlGDfnBZ0YBodf1jdKMM9d1axwLdo1duKnNZzUb169dwFcG3xsP_jjTYpiGvg6Hz_RH_VyViBZHOIHIpyIz9Mv5Nagz3iLi4am08zEapeh8SNIP8TNGF8kevO90SRcvLt1Eh
Park Inn by Radisson New Delhi IP Extension,4.3,delhi,6828,ChIJSYldhsvkDDkRzAmX8vxgfs0,AdDdOWoKl3xybITAld1w4fqXJkB--OFB8ng47_1PTykl6pKrvogOJol_DiT1BCEpqyFGvCqyc63LCFSOwDB2kdAJAr2GVGA3UaXoyIJjPpfNzSrxu6tcxR6x4VKdauSWzEobyqYkh3u92c5xIFSp1bsaBs7bydibOvzTa0LCchY6yLqBtYVA
IIDL Suites,3.8,delhi,6163,ChIJYWObOR_lDDkRC3aMeHig0Mw,AdDdOWpez0zLOzhRDY6DN-0iG2GsL6tF-eeoD4U8K1bB2OxrNOwnJ47-YE_V1_6KD0WWDjtCmM7s9p0gxOnZnF32YT2ex3Awg6ipnn_DN2rAvZpG7axZrF1tpfmRksCuPwEWcTsDvMV5iGQ3ttI9KZsgHUtPWt5h3uNEkvi72wXJfxcBDwIP
"Welcomhotel By ITC Hotels, Dwarka, New Delhi - Contemporary Hotel in the Capital | Ideal for Business & Leisure Travellers",4.5,delhi,8141,ChIJF6F7gOEaDTkRsbOosIh1sUk,AdDdOWpw2QuFk92uiKbio9kjOMdsIUOAc2IghRLiRRW_eMsqWpB1KMclm8ocYzCaku4K8NHXDwl3_tcf_bf8o5GsRgED7j23LYmV3_Lf8mGY5WuEc4meYGW7Ji5zd_u3RVd13Ox9usVDqKrevXjUDe8A9KjmaOaGqAwiBhlBnF_1sDjx4Yei
Sarovar Portico Naraina,3.9,delhi,4536,ChIJwdp9bzADDTkRt_4Txb3SJn4,AdDdOWoqTawdKf5JFovELr6b6gAAhufkn8HYNVaQq6BYIOblO9QcAbFTOMtoNAmu2teeriO_D0MEORFdF50dlvdO170uYRhAtsB6Y6lawHnp2wafyem9tAtzQT_7_v0OHKoV7dbNBz0mDYKOljprDdKX2fMOmlKNNL9pjqTYyivqFEz8bgrq
Hyatt Centric Janakpuri New Delhi,3.8,delhi,7484,ChIJqQ3x2j0FDTkRHNMbO1tpnwo,AdDdOWrnxh_FYXYx_kKb6JStUsGH6FFt-_03M5z4ezSKvq5XRmpBe0d29Jg2LanKAufCBWB-SdZETp_XplWVAPKcHgV4mLmN5T1Xsp-l2K9mMMb0GJaH7IitxsF7SD7ZkPc4cR3ABOMU99DkxtWtUwD9Ufc_oGEruiCuq2kbhbZ4xOaN_Bgc
"Taj Palace, New Delhi",4.7,delhi,15050,ChIJpzBQWhUdDTkR65ZU6jWHpO8,AdDdOWo_CCcgLjSEWu_l-4dGZmV3gPilNceH1d_jUGmmoV8DRCG7nMSdk8qZIOyMrFA_FoBF8kJ7JNC5NA2rJrCnIKZGlVm1ZYIQeCOjc05TzumIXuLaFB8-BFcoS27S2pHscq2u_n5AHQbDrOsBA48Hw6nMaN6utStz34Bbg76dOJaCIY7A
The Pamposh,3.7,delhi,3931,ChIJgYEW9tHjDDkRY7NOQXZZSTU,AdDdOWrhEXd1Frt3MOr6nn79Z2XqRvnb1fxdFJrBMKdp3FA75OsSXtsiVYNi6SWgGQuEtQ_BZEK_L-HRjkr6m-Bzx8tIUaESIPIKlppQpeG9XvWYRjQ5K-HuNK2oKaYjAktk8vFy1Fy9mbg9x2MsLdH3aAT5u7A1kwSEl_onhcqoIxms5iyu
Caves by Craftels,4.7,delhi,5040,ChIJayNwfoMfDTkR1UJh1_EnjVM,AdDdOWpo5TOooulKPYUsvKBAimmX3BzkUHF6cIA-0Eus9oS8XD7BZ3U7D-WN8ziQwjtR8rpAehsuysMUxUPEHhiO4Kx3Or1ZsQqD_Yl1mgkbTI4PTqB7JypQ5KrGGUfwiGmaHjt_i3on7geUpYaUf2149XmjROkBC72IjJLRhDBZdj_V8_UU
Bloomrooms @ Janpath,4.4,delhi,6451,ChIJhWpylE3jDDkRM4CKESOZQ7E,AdDdOWrJTde7cAvHeOZDf9hOWFk77iGTjuwhoAU_wvVvUXIxDqaWt120PBH6NX1F_AhV8dc7O72qEP5z-afs_5xxZHXTob2EhNz5_ocEiOmB9WC7_T0naaCipuuYJY0yJHnQfoOjcRpCjLgzuC4QS3TGMO-JTQ_I3y5i662_l2lkTeoCCwTx
Ramada by Wyndham New Delhi Pitampura,3.9,delhi,6305,ChIJz6cFNNcDDTkR2sR2snMfXUM,AdDdOWoN-ge6yatV98TptdFn12bAUs-FBPI8qIUSPI2sbIAe_qbG36a6BhXywviWxzv4tJxWZ3YUCedZSH5BUbcFNUveynriicmtMcCUspJ6Vv4_h1XgHlmEPaACdYJTn0e5v9InnnYdsIkwjl_1XPpFKeRi4QCbMygzkcigBp265jOpGtk5
Bloom Boutique | GK-1,4.2,delhi,4659,ChIJN0D-I-rjDDkRVWmkPjv22I4,AdDdOWrdYteZ0Ieo_VbAl6os2Gscx9SXm4iXlsmSS-aM8qVRR8ByR6I2w93lkjcZ-upDYtbyoph0_kVBloWMGnS34GCwA_nz5w1A2Kc9WHMyndiTH3Nge-PnlmmQP2jC7xEwkvi0o7oE5WcN63fepPHhNMY1idvTXfazegUDogfFJIHpSU0Q
The Grand Parisian,4.2,delhi,4673,ChIJe1bK-MgaDTkRQq9FTKRnEPU,AdDdOWqyIll2OEwzjVBE1Ciw1zIbmn-KmOXa-9uGLM-l9slS8deFD6o2yf2c7GTnnbkUWDPlkMSAo3uVGKTG-d9lCT4t73t4cPvjzgXmDO2cGVybPQmkX3aGk5siqFhJaaYx84uHowjyl6Iz5VO_8f2TYnvzoJfa-RyCjce1DentY2uWcErT
amigosindia,4.5,delhi,706,ChIJ6UcYhSEeDTkR6E7j3U9cv-0,AdDdOWoAIo5nWbUxiyKAqawxJH_e6Juc4xDM1NmsSvdJaSFPVtuDw1DIXJD8GUwRX5a3BaV7cGJx9MmcFh79eACWsRWEgdrSui2lg-eBRpdKM-PtQpGMTPkewxbpZUmzVhNko6kCTmVUCXoC_ytIh_KbfjqjDqd0QJxiOMwtdTYgLLSUBnur
Holiday Inn Express New Delhi Int'l Airport T3,4.2,delhi,14081,ChIJRZaLkZkbDTkRkJRD2nrcKFs,AdDdOWpEac8dIGox6OR6BQAZsMuL-JBZ2YDx4qnzl5skp2dRympUZsj1LR3vQxCTCi81yDurB2QXOUjly8-AK9SKwCzhuXfpbIwnYsYLqg-8BFz0HenD2XXzfJoOpEcqWT23EPScF-0DDHGPah7OKKNGS9zPuZhop4J1JhaSQYcOVXA90y8d
"Welcomhotel By ITC Hotels, Dwarka, New Delhi - Contemporary Hotel in the Capital | Ideal for Business & Leisure Travellers",4.5,delhi,10195,ChIJF6F7gOEaDTkRsbOosIh1sUk,AdDdOWrZ01ehznrDAjpW91ccXk6J7ZtUgvni-UTZHn4tueBYRbK7BN71A3ea688byLTYkuu5gDdhlQn-8kAebU9msH1dUMzGkjlcBE1OGAi6stCdqImL3N-UV6FDUkHzG-ypErpHID-fmVkaZzmrumH7guCqC1Ul_PqXwv4aEPw_Kmvwj0Mi
ibis Mumbai Vikhroli,4.5,mumbai,7392,ChIJCaERGp3J5zsR-SCGXrAa0ok,AdDdOWpnwqQRKBQx6jZ38AWKJ-6lKGcRUxG_dN0r5SR7e_YPw8oENr87fBUtCGomZtNBGhfk7k5boq0CfGLX5fbufGURaAYvuG3KkMhjJw3FNUoQ48zOCIGKo22mPWd9O5r8FX1rXb8xyCLBBCHL0gHYXr7epHbZdwabe9Ib4UyBxyogYOsL
The Lalit Mumbai,4.4,mumbai,14278,ChIJWYnyhWrI5zsRh1tnwbNIHis,AdDdOWq0vzvpIzC4GrpvJQk8Itk4p7D-wcdqnBxfk6RtyzqHNS75qC1RfQlCgznxeHGdh2jFgYUtr4Mr9nqFp5I9HvWXLuJc2skpZ7eMjQUZk9tZOL9RIx5jK-Jo9y6_sYAmwVkCSE9nnLlzqMgEiuZ4udiHl3hmx5U3vs-U_i70jCh3VOdJ
JW Marriott Mumbai Juhu,4.6,mumbai,5725,ChIJLeZxYr_J5zsRKhLe6YkYhhI,AdDdOWqYCCihZIiYSqLQw4nwPEQ_Z7aq6VPsPKfd64PJUwXVtDuZbkXvm885OMJRCIdBj3ytKHXAamO13bVXTSvdZhRsDi2A91IjislkyaQsrkmH296X8BAE1gaqO6iovMXBQNpJKEOrqUGA6CE3KWZz0rEDFh1_JTfZiOFEViDGeIxw2AgV
Empire Royale Hotel,4.4,mumbai,1582,ChIJW2_HZWjP5zsREV4EpQ1rkGc,AdDdOWoa2e-wWBw_2wuxR2UIV-ogPxZMa44nrK5SU9Us-8AOxx8opQHkbJ7-Yx-wL5E6S91V6VrUdb2PfIW6xAXJsVGw0EDH0mMwmu6yTYzl4xp5sHgZEwi70s68nTXt55dZa_umV1d9TchMLhtS7ZSzsXhLwhKJxbbLjsg1r2BeiKOtKxFE
"The Taj Mahal Palace, Mumbai",4.7,mumbai,33021,ChIJ____b8DR5zsRVz_XpIUEKcA,AdDdOWr3HkKbMNw2FgJEzIgzTebhVDszHxDZTo9kIZ10c_EcN-tJAPFUWRl1HidIHnvgTi_mqxz6DLLX-zwj1ma5viRfa20WVw0Yo3PTtDjVCHTTogarkl_lnlF1spBH3OHSFZ6II7F5TSPucUBPjt9yAY6Cg1JuTXtIIz470fCHzY7FajHz
Grand Hyatt Mumbai Hotel & Residences,4.5,mumbai,14025,ChIJicI_AALJ5zsRrMFrgB6LMEA,AdDdOWqIax6qBVdEjjDsLx257Bg_8OXgajh5xPYmOanUNDKt5cvfJERYCWDepWugRPPAcjXPyZgzeBJpfDODJFcSocVQMA1fJob137GWYfQiz5FjatL0RVv2waLZpDhFWuvUHOmBRAeU3locs3QwLg9Bp_PqRPrP2b9mA30YvGnk2fNAcb3Q
Shahana Guest House,3.1,mumbai,635,ChIJ2X2HJRfI5zsR2JjzHC6yVig,AdDdOWqAytSNesk8UVF3lOkZUIh_R21j9DYLZ0yVjR3LU899xHFiWmdRimzHYTWFSPX-7_ETSDm3p3CuTu7Vao4wfBXoidbHO0eTZTm2rMycVnchZ7953A_Nnl-S7cRwJOciQ0SWLMOZtLDuf1-8NpTbv-rEnC9ZfnSUpbXbAsqp2WVDqgR7
SAINA RESORT,3.6,mumbai,5082,ChIJmxALk9215zsRs64oKv2KYSA,AdDdOWqeUyNau5TsSBvQLrxaACEgE8HI1Pu2_m3G060JA0ZVyzJwLAnNHpeXWLCfRZ81wbE2T0hbZW5Zu3rxXT0jjj99TwraZakAxzrkVNjxxBH998P0J-GYqKc-AK2Cqzwa3ZzgfJR7rFE2WX8cNeBPZon2EksnzfXQW7fkn7UXyTsQZ4Mn
Stay Villa Dormitory (for Male and Female),5.0,mumbai,952,ChIJWfLuox235zsR2zFJ7HnVov4,AdDdOWpJ-ZOql_sv0UAat_ckZ3arfHHymflWLyUZHzfpWuQwhhwd-yYh0fl3mncnlnN7gyqpYfXP9VvJ9USeCBRTZqc3amzlJQYdosDI30x7jcqyueBSegMj5PVjbreCpA26doE8rgjdCCg-yHIiKHLw1r7HCQqwmmBYb8psonHS0tTDNZ8B
Hotel Milan International,3.9,mumbai,1389,ChIJPTiqtOjJ5zsRmKj7yM8uqHc,AdDdOWqQQVQxZrycJovqt-_5qJ2J8OgmMgSik_zOfsgW7SrqGchAIBWT8IkjLnaVax-M7H7D2v4eLx28HevzxldhkD_ZVmHOdPawqlPiqDGfJ2oaIouV8wUfwsAiZSb6mfxorquLbVwUErp-qQFYb7weYZ5gkOCltY-oGlzHEAbE89uLf2Ja
Gagal Home BKC Suite | Rooms & Caretaker,3.7,mumbai,4208,ChIJuyZiDRjJ5zsRqoltZQXxkQ0,AdDdOWo6bPxSuMyIjBveVGg3FUGQIPf9ksARcdoE2OWQmdGbOYCJB1KunPbJpF6usbouJy7Wj9azd9rD5hDEPWsS7AAHKjjE4SCm5YqYVOdmosm0OHvcJsVqJ6UqFlneXgBOGRXvjwisc_3BBzQO2d7wLkL7I3aQ7D9i0osS90jYLj3-6jdB
Qubestay Airport Capsule Hotel And Hostel,4.1,mumbai,1334,ChIJnfQB2afJ5zsRESq5q7dfA8c,AdDdOWoPUMTk9IFd9Z5_FCrFFfXBtpzEHWYtOhkQSRd0krKw_LQt0fQT3cD4VHJJD2vgx_RobFPoKzM58FG8mES5WFeBt_KjldDryS3Kf-yFu2tXmSt1njg1Vy52xXfOj3v6Y98rQNIE_eotghdks4IeRjXlXuwEd9llAgxY6bRqobwS9uEy
"Ginger Mumbai, Goregaon",4.0,mumbai,4031,ChIJAULI3iW35zsRnoypdZv1nz0,AdDdOWqj9naS7cS7LlgkUFwPEZD3vEpWiVfxfHg_XgHjxRbKiH6QQjYHdRWVX6_Ytynul2VetJlY71h45RphPmjfU8AmAiNa9cW1tJSv9IEsWnVkGUdGeFMCD_jS2UAPOHHaR65pVKjSmBnLEWdw6r-_oFrl6kwV64zpaxsEJqcMTsU3dmmW
The Lalit Mumbai,4.4,mumbai,11101,ChIJWYnyhWrI5zsRh1tnwbNIHis,AdDdOWpXcQQBvYaKeaE00HmmDFXvZ67pVQAKzAkA4_j6kPbB7CEf-QNDqCEtW7VsNQScqSqCZ3x5kkNV2G36BjTYUO4jyzHA6fIuPr90ZSC7mFfuNiYvdTlqclE86qTvsKJxFLNn5gXep0Iew0RItDEzcVfAlOh22E4W7OTkLB5TXJ6_yCqT
Royal Palms Villas with Private Pool,4.0,mumbai,20536,ChIJael3upi35zsR4DBjqPt-y5g,AdDdOWqjbIZXFMIiwF-A4SSej8naNsuOlcCIhDrmSqT_HYK9c7vKyXRDfEhMIcfIX76TwCahlw9eCB2LO6dN_Uw7b18McWMRkWCaGea1zTJ8Lw0oU_PPMHuu3-wZxyZ0yfQiW-MXHATvmwOgp0ImHDO560Ic4SNlHL8MtHp7e0NSQ3l_71wb
The Leela Mumbai - Resort Style Business Hotel,4.5,mumbai,11210,ChIJcVLrwD_I5zsRaaUtSlIRt1I,AdDdOWqm4c-iJxsKpngpz3AtXCsMHF1Rjti_RLi0zoqrHs6tDTaAVOYYvHRb5RRk3gdQ27D8oZBlp8jF9bFQwOOi969QZbR4252RzwJ8jBns4rTmLgPT16jXnWs4GfZqlokkRY4oOCaAYRc2DtCxVRCUzXXZSK257cIJg4ZGOG0UZ-HnKLI3
Hotel Nest N Rest - Mumbai,4.4,mumbai,1116,ChIJuZw-9E3J5zsRBT4mXr7MPj0,AdDdOWoVtSIZXG4Ra1PPr3dAuzNI4NbiA2C9IwfOjZI7Z4Od7DECuA86tUTbZ57M-4eJplJw_wyIt8dItU5mdQplE6ONXIHuwJKE77ah0rKdE_ffMJ6_hydY2-iRZ4ccyahyq1qoj7HZvNED4QmpXNeZv4Aw-l-CnWRzIca9b7uqKwRaF4iP
Novotel Mumbai Juhu Beach,4.3,mumbai,11785,ChIJeW5hJJjJ5zsRRst7UJbbAQo,AdDdOWp54N8pd3IYvE7rGzyI19wrqnGXG9EC8WlIiwy1cVyylryq_WTRQyIlQj4-EE3bd0aklsfeXiO1aAhsqdaewgNqceWgUCRYoWFwdMEstveSVZgzqSZ-Fvr1SUql-nTqJHTE5KsyBxFwddgxlx1dSispeapYEQ2FEwZ3KsN-zM2NGbpH
Airport inn residency,3.7,mumbai,1109,ChIJf4m-kzbI5zsRd6QfNWED6YE,AdDdOWrRQfwjMjCMnyJBm4dTQspjWZTMsxWHNfdMVDoqEax_JpUeJJlnsRoSJD2GolPd9uwq9ZhJDzR8yvQhfpq522KpNe1IqS9_71FK6fpdyI8QYcHS7bwqaVkj1jf7GCIsytWoFGGbGMpYA5iL6xjXjMkNx4hH35fcU1an4vUInVGrggpe
Courtyard by Marriott Mumbai International Airport,4.4,mumbai,11103,ChIJ66xaCzrI5zsRIKrLqvww33Y,AdDdOWrmZPNnQOIz2CBtVLjMnTj8GqcmCBlc9FVsn1Dv2CofM8JqsXdr2rl-X8D6eh2BE0bofeJLL2_7_GiyvJ8ATLx7B_dE7CI0pJKo5GKaB47HFuxNxgNG0Tqn8tNJPIbiqCGRoonuuXYGiNnnIkdwxbKQ8GMJwh7gwsCAUpqkOb1G7qOE
JW Marriott Mumbai Sahar,4.6,mumbai,12963,ChIJmwZU_FvI5zsRM8YNWRMN3Qo,AdDdOWr83rw1viliFaxb5RPmdvS0b4OCaNHMbo5Civr16axZwRVxMsLWkCXgAka8Ve_Ix6lTEbcucD9s9oq7xRyHix6MldE4_PuLyK6I8VMygVK1Wtj7jhO-JYqW1XlcRXWa3pV_QTVXy0sZK53xyS3c0o0upZEN8ZhtfbY2E3HFd-o3JNNq
The Westin Mumbai Garden City,4.5,mumbai,12963,ChIJU-VcVKi35zsRWL5BYCqnsto,AdDdOWrUJKU9-uCj8w432Yhtsa1gcD-DBXZ_orOt9ugEjavObE14PcL40WAIELtKZCkGEWmRxRLb2b-w9HljCVgn2zq8cstNQwK4G-OdGFXeZdVuD3wWIk2fvAcNXxsbEl6TR-KO0K2IgEbr9YtyR6TNgLTuLM3c9ZVoC1E51RPzIXM9VS8V
"Holiday Inn Mumbai International Airport, an IHG Hotel",4.5,mumbai,10619,ChIJFciORWTI5zsRr4DUFDsqvQA,AdDdOWowXTtzPtHUHYd9x6FtQZbdx-Pb3XzarnStwUSBjV0c1kZjpRGwM0TXOuQaWGz6XLOS8ePPqtzetjTaeiLqgudvAr5y182SSYhrNcjGJ7Xsxn_aGlYnE4kFoAcylAbUTp-qCsrtjxzQ1EMu4PPnCzQaE8nAZPXPSKPFIL15nVoHaP6v
Novotel Mumbai Juhu Beach,4.3,mumbai,11800,ChIJeW5hJJjJ5zsRRst7UJbbAQo,AdDdOWrTYY9mmDQT0wic3qJxWX709HUg-yB7dwn9zeLgeVFaHsqD2eu6Z7k79PjB9E5xgeTM7fcGOMTp3jVYPepjCRQshlTiW4i1gp_xkMTm6cKI5aafp7_R6HLo7bHI2SW2e_2OmI7j1YPp5HxuRXgEKPWZjcwHDDUk5XLy4HddkVMKM5bn
The Park Hotel,4.4,kolkata,7295,ChIJQfOk-wV3AjoRGs05cT1ogvM,AdDdOWqExGjRR9vhTSuTFOUZ2SrFczyt5HNO2NkSDYVPCz6osLy7cDNERbZZC1QZLP8ORsaD_usO8Bid3HkU3X1bvKSgKSQTAIE4Zc0j0pIajjPvTVMVtuSzyI6Pdgmu1MfuYR4mEhl4RfV6sXfHZ1n94FHKiP72uu-ecDuUUUQY-F-TeV5T
"The Oberoi Grand, Kolkata",4.4,kolkata,4534,ChIJ33o0YBF3AjoRmeCs4RBy3Hk,AdDdOWpfFUFlZFsp0ThDfa8nxRnOtFsDOb1Oey2NOEl8prA5FfXh8bTC0kT_d8V2QAwIpzkQSJosopChBnNg1DGZNXERJtlraDQ9TgmHX8tls4rwM44N50mcxVNtLOWhg8ZMzVRD4wbepxWyae-ejTuEWvdEoy_h-p5kvAV03NtN8LURQhbJ
"The Oberoi Grand, Kolkata",4.4,kolkata,6048,ChIJ33o0YBF3AjoRmeCs4RBy3Hk,AdDdOWodfdadKqrFlDrW3zKivtwpZn_HWMLN8a5ZgWCjOo-gnxgmLfBMYscTEiqRZsMrHjvGz4EjVqwtI-sg9IK9SbzmHfcqEX8ZGeozWEvf7t1wI0w939KOzwQycO0YAsZOXUG13AGm9G-iU3-I9I6tvdSjNnPCym-UFOmB7YmQHwHWGPez
The Elite Apartment Hotel,4.7,kolkata,784,ChIJr3OlGftzAjoRBaFZT5Bm9bQ,AdDdOWoCybSbWSifzRAP32lNmo1f_Y_q8S9LhG_deTTbk0-l0QELGc4SdNFzZNtHVZR-n1wH3fkD8RljBZONjFeWAl4TNurGyNSvhTzrwSm8SGUo9Qk6RBk2hdFIprAgFLriQusyn9ApRxUWtTOIpdBoSNe3yvniTRlDZKsplUwl-KbKBxwM
Golden Parkk Hotel,4.0,kolkata,3790,ChIJMZL_zrh7AjoRZop6teoPiWM,AdDdOWqqrpNPDNhxEq3fk7u4j3eG_Im-4G-vvWUtEzuDkTdUnBQKDs2XIWiu-wOncjCOr7bPNumq4HrVxn8vgMCVglNTL_2tROYvSvu4o85ygRVjCyi9sm98XRA-omjE0VeKSHIRGu6N-u9x44baH5Yk2zoJnfJvgSKGrRGkxeclFE0-oYQn
Aristro Club,4.0,kolkata,1344,ChIJ6agpTeh6AjoRfXAlIuNf3zI,AdDdOWoi4ZW9mmNE2mWQoBKZ53sNH_41rPpl3mfWuD6RyLq1G0mI1iNp7TMEubNP_1Pt1PT25vihfbQivr4XnYY-WnJn6srddRmqbjpHkIKXyfu_GSqvyp6jGrPuFqdS_M5iYNf3NbGBGvbVLzSGs9q9TUc7EJFQ5WYyrQ4j-pR9ppHemjg1
The Panash (Hotel and Banquets),4.4,kolkata,1565,ChIJTQ-odyd3AjoRmD6aete2h9k,AdDdOWptRuDtZ-ziJ6gTIdc75dRo_1GHUPNpd_QS2Qy9hshQ_Hnust2cGrhX0AHbTmOrfiML6jpsFhrh4Epaew8Ddd-fwfDv3ZXk-z10yy75hfocnKjKg-jTupJUyu4kRBbMrHWUQr4XvfJZFVznMYSFPliF6B0KvIQlVaX0C3YWZkUe7DmA
HOTEL ORCHID INN,4.2,kolkata,1027,ChIJjVyGQO93AjoRM3uUg4AZgIM,AdDdOWoroyd685Sx_mluulWiYeGgd0MGUuSCTmXExiPsiJCtehSLlMtW8KbUFv1RKzKerEFcfjEMPBWyIuJbvtnPQw4Hx1ni0ZunjC4ALHoSy_A1Q6Ki3wU4JKS9zDyC54UFRJnZ56XQY5qy6oVGnKTCXWQ8-Ro0hfqn5cKgx_kh9kz5KRAz
Bubble Beds Kolkata,4.3,kolkata,862,ChIJR1yjzXZxAjoRK4_3WXsbUeA,AdDdOWr57yNi37XIlhHU5rbi-8vN6K1wdLRnlpdPnOXCOjtIlB6E3AlvYeevvSGibT7QhbdCPMMk-jUW4SI1re37oN9FobwfAzSbb7H3Wq3-POPVrPiSugJkjKDD2X-UfDzmQ9YDTEm-cAQmjB6U_O4I09uXvXKrZD3wjBGYETizASoY1deJ
Hotel Platinum,3.9,kolkata,1464,ChIJu3jk9OB2AjoRWYRjoAM9kQY,AdDdOWoK-V-wCbQWvDQuy0psU0nMrjw1stdZroTvA_Br1t6plL56T31y-7u1lhX0hpWv3CEL_FyLF1YPNJlh2VNz1MkGEIsbJzRFH_JMv4bvCs6iqRIhf-CC_zKzQQa2AtYaNAPIvBmK1anaWeJrCTR24tHr6iqzR3Fk95YLqhbh4QMSDtJ5
Aster Guest House Kolkata,4.0,kolkata,2885,ChIJO6XXAhB3AjoR-_c2wpeWFf0,AdDdOWqi1HuttLeVJLYqFUa6CczHXojjrqNgB9bVw5HoRXvDpzFYU4BR8SoI1quKvFlMfqmsu6wa4EU0SrdzSIP-bc2hjhe9vZyUGYWmTBEv1fZ4jPGsMsjp42MVzx_2ymoooxmNvgt2M8f6Wj_2bHDLl3_rJ5T2UhOVDxbpC41O4GV679ei
Hotel Radiant (Kolkata),4.0,kolkata,2731,ChIJj0aFIuB2AjoRK_opdLsjhZE,AdDdOWpdMsjHqHYGmJFQAdcr7u-tCo9A5MypqG1HftEBWtS0Y2iURxunxT0BcoJaxrp4-r4bDC7AsQ9v4uK_KAkOOOu2dXs_A_aEz2yTh1ehDKOmf3shvQVTbp6vzQCsc-P6-FdfJYf0eNkqrIZXGTdekg-QVadTf8s3ABlUdq2ENVUEykaP
Hotel Afsha,3.4,kolkata,1285,ChIJe6yzIVN2AjoReyHHivr2nw8,AdDdOWrfNTjoruOcKcZQ2nvGLYmLFd9vZI5yiC7xKXnMaI0sDVlRoGE0yu4LOIvhTav4fqFsskm0uszXP0N6Wr61PU_QfmlkrLSmST86Ke86-OxRbpUZztDcVWH4ulWN6kZotkVzSRXa8zLPbAP0kfLSPZuLoiuuan3f2D1d7p35p4bNrNNe
backpackers park,4.0,kolkata,1103,ChIJW5ejb4d3AjoRKMMpxoF7di0,AdDdOWoXDRGpMGwZn0UpHKHtAojcHnzNha-N5mZDJ3NFNHYy_c7_WZFlxPOJYsrBrSZd74YLhJ1uWykKUOn_2jiEH9Y1qqUkn9YKjcCefokVmP4kc-XfPObne7QoekVwfOPGDwgV6fm6o3RlRWPCyzZqk_Sw8flH-_7W7wamPytIyZzU5HYV
Hotel Mayfair tower,4.0,kolkata,1680,ChIJYdc_KIJzAjoRwpO0VK3BsRo,AdDdOWqvD3fCMKi9hJeNZ8_HUTdX-sGCmAZLFeDk0dY4sn1xbj1GUQ6YboF1lC0Oq250Q0cJUmbyonqXrU4Sxpwizn0zQRHX_pOvtgoQMK_lQZaIfYxrvfUuNKdadapx563dRlT8s6B2qGdMxLOx7HwkllBwshnp9qPcEMb3ett6GhqjKcha
"The Manor House, Kolkata",4.4,kolkata,3880,ChIJXR5S7W13AjoRMi67Z6JtheU,AdDdOWquTNy1zzF-PtCYXNy_MyDeyBVHY7NraPGjQu2yEwZaAJC6ZguQBCF2Ijmp1bfVkLFHvqxdJ3tBJb0C2_djgEsTjexqn-afUUnbGBmnxKNkZj-8XZrZPJcIflplOvZJXx4xyTjg-WzwjlBwyv8gfS3euCnzPo9wakGH16r5KNOOlZoT
Barsana Boutique Hotel,4.3,kolkata,3719,ChIJQdXHCpV2AjoR2hCtKbcPAwo,AdDdOWqG8zVvC0tKx_jHIOW6gSi3RrnxUQhxYGNrtdB27Se5zTTxEBnR_rUCW3uwzcflaLONs95FSigBOiAUc3wTbTuh09AeDyUKAv_WUS9q3oY9ZMS51ouknM0cNzib3m4BLvItONuaDojMPbnaf5KF01TKFeAU-J9WzwHbPc7_KSCOVC8f
Hotel Pan Asia Continental (A Unit Of Sharda Resources Limited),4.1,kolkata,3074,ChIJJ0fZGzB3AjoRatxcb55sbZk,AdDdOWp340ji2NtiwWnpGLTD83RNvuJPq6s1weGUs_UDhT600N5FLg4ITchZBFhQS_F-_WLiZRD1OxraXt21EwqBu6ZppGPsmqq-6NmvDNXqLgH7iMjlOACUIKRUIbHp7ciLzxAoDyzNo0KDr9FBZoT2n6om180qrneL0gu35iXRFWcVFBsn
Hotel Emirates,4.0,kolkata,3014,ChIJrVr7kQV3AjoR_015fhzQMLk,AdDdOWrVqrhGUP63TLLhSPV1RL16ezjLbgOPHNhZxf3KS208UZO6-8fPDJxhdFmoqB7vn1Jay8nxgnPdpAEkZ5gFXat_cwngyyr6NCvPPqpSa9GbmMgI64GAogw-Txs26dnztcxZk8TB9Osr6AoA0Osi0N2GT2fFziv40uwhTTYWwkqd-3QX
The Aster Heritage,4.7,kolkata,2778,ChIJY8NARAZ3AjoR7hY8R1Vs2_U,AdDdOWrYOgAGsC-Xb0mPjHhpxwcff5HDrucpRn9UQIQCUhYHxO9eWUhubWdFTOw_oJT_AYea5uKulLFP8YgHrWqRxR7gLYxcMJcnF7rhA_iyMzD4W3NOoH54RScRHUK-nCP21yiUKKnBzXj1cZhfCogtzDKRlbOfBgkFfcJIXZv39Sxjiv5c
Calcutta Bungalow| Heritage Rooms,4.9,kolkata,8604,ChIJJ1sHOjt2AjoRIcvEy0NYr9Y,AdDdOWoRGrlWfR0NyrT8HAoNtpSRy4JoZ4znKK0w5UGEXfAd9_PcSCVXm8nQV8EYmiaXGb5z_EgllJk3CKRjN6JsvgwFkDG123qdcHGKPM5PQLh8HRockiy7ybmkmzw--uZf-v7RBOF5xtuiTjv111inFLHq6fxsvYB77wg5jP3Fy7NKTQPD
"BhubanBari historic house airy twin room w 2 baths, kitchen, garden terrace",5.0,kolkata,2856,ChIJIcamyjl2AjoRvQZuNeddK1Y,AdDdOWpV8Ct_RodPuEPuF3agYUuJK_MNg3rCU7w4lK2N-PATyMDRps6ivBtN9cSsP9hBtm8rmveHZ3edQHvRK4jAK3tMmLwzfo_bt_8plZnDs_ES0GMjPJcHYUpTa6yQA4UtEHXlEnsgYUO9gBhxv6iqj18lIEC50yhSwvrXrXIz5jMQi_-n
Hotel Pawan Putra,4.1,kolkata,2436,ChIJfcVfWhV3AjoRxyijC9Q87MI,AdDdOWpVbM8ETV6TjCy1BY24DZ-BAQl08PrGztlCehx1rPhKjKirZLLXHxUlqkkmPfVfUXBNQBY5AlNkjQGLNvG8fuo34qNOFkfM3o8HevRqSf5faIETGNPlxmwOK6lMU89gAS4BSVXWIMF2X_eGGKhv3Z2HXyvjRlayHeY0p-zZJN_Rm5n0
"FabHotel Orion Crystal - Hotel in Park Circus, Kolkata",4.1,kolkata,2652,ChIJf0zuoql3AjoRHgeFLPehmN8,AdDdOWr99LDO9c_qmt0AeFkuaOnPgM2JJzJK7lsLXbwuerP1uQll-LnoWC6Dq2xIgN3bKaSEgz0lfjuEDmh1x9OrvpMn96p3X1QrImKCsCuu9Zs5txZsfdYc4b7LRFkMpb5ClfEuL7h5d4rMyrHH3jF9HD02QJEMLj-i9os9PezfA20kWEGt
Hyatt Place Hyderabad Banjara Hills,4.3,hyderabad,11209,ChIJFdg_pTaXyzsRgTgdsMHumWU,AdDdOWrpga2fvE7_3OpZo1G91ifE6TnRaBSO8AATJrcRBBK8cgJErYElQB7wzyyy00R4qTWnaIervkVZpLAma-kmIMghS6l8xJY7tDVAOKolLyIGbxjnsQRr58kwsWq7ztQiRQpu5QP9_4Vnh-PeJCuk6kEZ9S_BdukJ17FEVGoollmzPV-0
Trident Hotel Hyderabad,4.5,hyderabad,10974,ChIJHalco96TyzsRUlJsvzAyi2w,AdDdOWoNJgxJQkJKjJiKrBfNmw7ORgW5tAxgyJjtKyLtv8HlXqSXcfP354QePnz2UMO1ylr8A6ysS36kX2DwanWRXUK8xSrV0M1l5nwKOjBp0OIYgKoBsoMFEHsQFBlCcAxKVmi7je-XBYB0eccULGSmwzB6P_2A5Q1ZsZyrpT7SXtNcpWW0
The Wilderness Retreat,4.0,hyderabad,4928,ChIJGRn10PSUyzsRs0jOtcZkgSY,AdDdOWpD1T_JrfO8m3IS8MrNtPv-Gc4ybMg-QtzWB7Uc0orIXVsi5SQWKIMAvDQKmsPiozhHWpPW5xyTEmA8E57VFZL5OSu98Ca7JtW-2alwSwSgWSxzj4RJRmwXRuDksKvMmaBaeKvsZKrA4w-SXoXfjBs81p91uSKVcCf8kfpzbssGx440
Hyderabad Marriott Hotel & Convention Centre,4.4,hyderabad,7112,ChIJgeE2cPeZyzsRW4Yql-JFFkk,AdDdOWosxUEgk-Gm8sR5oK4maT8ESzXMkzFpijCpdjH2eZfeSVE9x2eXrqveXBB1Xw0Lp0Vg8i0oRaROgGP8cLdWbKzrZwn4lUN53HZGwtVF19T8m_-x5JC7VjGDkAK0cWlAFppTRE8Aic3bUmc8UU1N2mahYOwdZaFIZH4l7--aJOxPLdDG
Citadel Hotels & Conventions By Vinnca,4.4,hyderabad,3640,ChIJW4KHPq69yzsRFv-wq0bJNAg,AdDdOWpN4CAdFE9HpPyERI46XFbgyChneu9jAqgiPJB1Zcyc-Vm73c1TAzbHoboSOSzKVoKb7GymxdVKeTjvE96UyErnR5mir0v4tTh6GdmHGQA6NPRulpmJGOASGMra1NolC2fFRWF7di89a9nLcG1vz_SP-fXyoPVMAQDC-qbVwB1rLmEk
Hotel Rainbow Tower,4.5,hyderabad,1187,ChIJzW9X7s69yzsR1_ySg1yiC0w,AdDdOWrMYbt_xEppcgs75ok7Bf4JEfg-dy8BIwydIJIZOj42WPVWOB-Gb_HSEUvjMsUAKqM5P4rA5nyqQPkhmKPQ1VHahZ1UpxXY5j0jNPgPfmkQQO7ZLLAhmUT8yt0sokcyZ0MURqvSMjUKJTG3-cTi0kZBJpXKaeWNd1iQ4jW675cesGkg
"Deccan Serai Hotel, HITEC CITY, HYDERABAD",4.2,hyderabad,3436,ChIJk8SsT-CTyzsRdujRl8Gt36o,AdDdOWr37kx4hIWOCGutUFobbHf6mManrCpkKTRCeDmFN1WcK3AtQKP1j1OGkOXf-y4XyFincsDM5gTOGhqT5vNwrJByniqv0CWASLzPnfmKUqf_01DlQkk3sw621E5EFOfUL3g-iLxGCy6IUtDxAwcSXNoVGm-vrf0pmxbjWOM5ZicsRceh
Taramati Baradari Resort,4.2,hyderabad,2520,ChIJNXWTSyuUyzsR2QDIuxdIxho,AdDdOWqcadgMb3r88a-_Mgmf-P1wDe3Ql8QIMS4-tJTODBSvoeJKmr4Fncat-Bfhimb0tWWwYpH8tkrQnz-7fM3kreAB1mjUkhoZkAfWmuM5RkMYjIf9IJkBzlmWnxLRo4iyPBuuwmMzKPMJlq5SXt22qUR4k0UJ_BwNUzg1zcHd2MFz1NdA
The Grand Plaza Hotel,3.8,hyderabad,1240,ChIJfXxgtWSXyzsRHp_B6tZ6mVo,AdDdOWqavmRbY5SyjyJjJPXE0_Zdg2kkCf111rReqGQ99i3VjwBBZImXYSSlzRsw7OvtHX1J30P-W-MK3I9XZJEOIZPqc1dRAiJPKmtTf9l9nZr7Hw3_Ed0QaB3zzqFYJArPNSotrVXyut1XtPHWywrpetvq_Ewnf3qpctLiZvRoWMd9r0e_
Taj Falaknuma Palace,4.7,hyderabad,46573,ChIJQSoXVFa9yzsRLgAgJMKw29M,AdDdOWp-HyW3vBbd4p8IouhoF6wM5pArqsrTjLR8ythjbNlWJfhKkuAAUOtK-o-17yzo0VkQoho-ZrUo9xs5suHrJSwanz3cKrODpNtEWH4lMyVQ3nsuBivjeeJR6bzXAAQbPBj96ZKiiK05i_DIwxIj8unWGvB72-4f8JGuIHMLdcxTVnVp
"Lemon Tree Hotel, Gachibowli, Hyderabad",4.2,hyderabad,4910,ChIJhco2WVyTyzsRAcUtcGxbDrM,AdDdOWqX7ZgHZyp79QB0kMPylfZjrdIXETErAQyZ2RqRQBjifYpUEBogKpvvrjeCcyPFAt6jCsnSUFr4cdcLpWafOzYznuodOhNocaXPDbgyrbznkbMHb1eqgHGI8XULObOZbahs1GNJjKGKG1ncz8l-1FOF-tsBiMqCmbqb60njbQj3e-dv
Hotel Shubham Palace - Karmanghat,4.3,hyderabad,2371,ChIJkelWh5uYyzsRyT5bkdj8VlE,AdDdOWrEdHI63uPe9ilI7Q89oCCi9HIlJiXeRL0VAVfA_RLxJtVuOFgfJDdKdlxDdaev0bg4n3UMHckgcSU92wZbAQK5IejHosz_ajtr3Bu3DmHA_0J-JTyob-bp5y3bVtl0yIMa48QzNX1j3WQiu5orTKdWdxdgDi9qEHiNEHxyeikahKHf
RESTEL STUDIO FLATS,4.2,hyderabad,2576,ChIJ06YzpN6RyzsRUJMrhetTfHA,AdDdOWpQDDDyOSzV2qNOXwsHa7-KbGsEEQ5Dv9wBUrdfIxhrHOyhRPEEtfsqGFCArv3cjINN2dygW8Ktvv_XkBf6vIkk2UuqQ9x9NA2-sDAP59qvRgiX_4TfbrjSbGJMDGRwfYD3JR9WRSftzEpmVRQkKy1FmPAWLyPJ47YtpK6hhfsPD9hW
Ellaa Hotel,4.8,hyderabad,4349,ChIJG4UNJHuXyzsRDmi0VLblpc4,AdDdOWpXySOOYkigI-re45nW-4oO5f-fo2_goOkqJ1gcpxa73Pczb_33DH9PobNnFYhawlUIAUheI16Tpe1HjLnnEnrgwU0jUxVBoUasGHAoZj14uNtK7pOb7qVv_agfTwK5Cnv6zXa1vf-cnjDYmrXRwasqQ_ycq3vb8jPTV-sYh7_SXSL3
Zibe Hyderabad by GRT Hotels,4.5,hyderabad,4520,ChIJte9N_-yRyzsRpYlbvgbcvus,AdDdOWpdMtsq3ZrQnIUDnJQlqILSBLFjwbi1f0FPEZCRahZwlKnpJNgqo8EqxNtCqoobiCC0HdbQZUw8BC_1al3OtaLmuyn6BB5CEwitZqCSwXOGqx0fpoAzWF3GqupNengX6Lqx75EF_bpF2GBz_cTglJWc0OIvQyZucsEvRsYNdYmuxBOz
Ananya Eco Resorts,3.9,hyderabad,3808,ChIJf_6mPuGhyzsRgPyPLCWLSR8,AdDdOWrR-HzGb7VEL9U7lLEkauS1TAXwiolxmDYPHCM1x9YhOU7UZ34pQX2jcWwuhgfeL8gcIhYbT6hJhKir09gyiJmVofL5dxMZKIN1opO9xEuBijjUo2DjAgq_bMMPVdM217SNlrovVWXzEuK6NWW6XbOTe4N1C9sRHDSQWr4l-L4K7ULk
Hotel Daspalla Hyderabad,4.2,hyderabad,5446,ChIJe0I1qEWRyzsRDMI8JGNPRkI,AdDdOWpFBYNuvaFCx4eCIu6pC4MbIG4t5MlgoepndNOlM3JwGTU4Kb1vxrnJge1oML0VZAqp2pSqytDPB8AsqGjX9ZWKRNvW6OurBfeRA6w1mIP9WeZ59O7tvjph0_zrR2Wdb10BMR3b-tLBdjnRPpOjmSmPoin_1qUloRSIV9huFBmpt5G0
Capital O Jubilee Banjara Suites Near City Center Mall,3.2,hyderabad,1044,ChIJ7VoFWiiXyzsRY7jVX6mnelg,AdDdOWoEOZq2QhEpB-DiFHXW09Oz_3QQkFG_yGJ2LzStDlW7LvzA8WmMr28SfUH1x7Sp4pAsHStISrZweuyxURrhaABT0wBFKB_SqqHWw7Z0zbUVhnBpRTREjGHY2unnf0v-ms7ijoNuls3omL29A9mZFGCOEfNKNZOsyKHO2eTyhG4eBabp
Luxury House in Hyderabad With Chef and Driver,5.0,hyderabad,10115,ChIJHalco96TyzsRUlJsvzAyi2w,AdDdOWpAx9rHqCnxWgFeHKbv6dun-J5uEGZPMFlWUCzczdZryPPmbmL8Q_cFvsR2X4_78B8Dj54NQLaJgWYSjjHlu0jvKe4BOjkAacEYDJfrqdIznl1SfcnqEXU0R0v3uguqPscybWq0ZYt4JyToykkDiYi-Vallarh7tP3OQAytShWtYGwJ
"Taj Krishna, Hyderabad",4.5,hyderabad,11800,ChIJN_FppDeXyzsR2kJ1gGzcVoY,AdDdOWq00Fo8pM4OEialpARAZbgdtJ_bCgN8Wilq9bz4AzHwdVHTT45ph13hN0k7Z4OzzfOJATggg7zatq7uz-IzV1OV3swTqKfuWLko0eVBDf-sUzNWuJnL26FsOd-iW52Am2c1b3VNvxyl8eFD_DMVqAvJ7jsD3G9CZjyRbYIXkZsz5xYr
The Wilderness Retreat,4.0,hyderabad,5668,ChIJGRn10PSUyzsRs0jOtcZkgSY,AdDdOWrZkMsY8tyFBnj9gnkpHGMRqcD51xAWvfZKvVV3GqiP4-7cPUEyYeCmIIQLVr2LICNmJU__gpu1CbcrJxJ9ZulTXT4ptq-9O5lCDdMLR3zDi0fs85tXTbXmyIya2w1SGukW4jCb2gjsYnRy932J3rANsQOnBco0FHpjAk8sUERvNmdv
