City,Name,Type,Google review rating,Place_ID,Photo_Reference
Delhi,India Gate,War Memorial,4.6,ChIJC03rqdriDDkRXT6SJRGXFwc,AdDdOWqygDUJ_tLLUZyPl7RDHZ38YhDa_gFeS9OPoslt1GZqV_xzTwy3El3sOH3T6NjJ6NLIlnEN4NEx6roLtjRADsSmKrEPhBol1sXbfFfaQ_TuaBkAYZikf3o96WdTAvXA2tqogfy-ZTVIVcR3TQ5kQtkg4O1hPVhxqKM0x2pmW2uD_1kc
Delhi,Humayun's Tomb,Tomb,4.5,ChIJpwtG6BzjDDkRDajfOy268bk,AdDdOWqcC69Sdc_abbLQObBShbr3Ik4MguSC_llgNS35yuLhVfXcQ9EA8KJws6JHp3x5BxWc2g1hyCi7k98T7R49LprvysEp_VtFzSlxwD18YrWvw6uImqIV4PgyHX1i7GwdNmU5C-tQ_p7VQov3NjCFr_JrEVeCh_NNnyIZl-PrQLAz1SWD
Delhi,Akshardham Temple,Temple,4.6,ChIJ-7F1mVvjDDkRKrLzXiafoGk,AdDdOWrUA2fPCDRkCgZfnyu0FtAg1Zez4jR8cJGUct7eDEIg3BFlgpB6s4kz4j6HzKJ0MrW8fkDwPNxPIfMI_0Ew7kDGHKUNbnFmP7oVwCZgcNqccOsoUd50r6w1Zj3wRUHy0JzakXSoCIqyjXO5OSAZ9vso8yPawIH7S2Rbw_s_pjuaoXPk
Delhi,Waste to Wonder Park,Theme Park,4.1,ChIJYRJgUoPjDDkRNAyCbaQzWBM,AdDdOWqbh_5v5k9ZCBPFEr876TJ0baGY6LiPeHKMr1fbR3EjekcYTls1u5itIt5kYyOr9wtNAtj1BNdVIFEnxYPQ3m-XuOdJJzEQ-El3PLccmuck_HrhNCovvc1YhFNNTrB7UysvjMIasBJ-3jKmWKmKx1DQ2B1VFet2KYdjaXgvMbCh1rY
Delhi,Jantar Mantar,Observatory,4.2,ChIJm8RPaUr9DDkRDBt4YsluSqI,AdDdOWo91z9skp1Mso6ISgsCPf5Kw10MpYSDbYc1Ah5oKzOY-UNSWFEIB4ojIU2fIHr9fTYGAqu3op71zbSgiIWkXfave4zS9tGNfv8IoEAVTjP8IfWAt2bc6QH1hl3TTipCS9ogaE1gL5fJWXL8oMZbhFal_htB0plstjVC9rL2JAJ8X6F0
Delhi,Chandni Chowk,Market,4.2,ChIJWcXciBr9DDkRUb4dCDykTwI,AdDdOWpD1j9BZZbn2akSsiEYWVquHuzUXvo0kt3uqAD57dBWmVbb7cE7oP-nHJLTEr1f2QdMzhmLL1UUHOIbs43Di5c1KJtZ5dyQp_av7IZpwXNcsKNOHPj8bGkhs06TMPAXC0ziDB6XdxA7yF-FMNHiDtm7CxcMcX6q0iqFzfKTOCQ9SL-y
Delhi,Lotus Temple,Temple,4.5,ChIJ0YwCbsHjDDkResZe6B7rO2U,AdDdOWqzHQI25jD76evSOpXKVegYGDD_2cXk2emyd9qRcCciSCo50x_HLPANoQXoU1q730Y8XErmzSPeQyqbcQIynWzTcMUhfH2OhPy2G2RZI7a3A134UpQf7Fr3KCYlhVO696GY8HnydlEYQEm_3WMA4PXje4zvzeeNx18itNVMjPZ697Ti
Delhi,Red Fort,Fort,4.5,ChIJ74XAbuL8DDkR-wJQ-vQyHkQ,AdDdOWqS37kZmPFBkDz4n0gZn5U5cz4okr5DfJ7B8PgmT94jv7-GAwQ9D_uXXLVuYyWU8nu7SY682zqY-fgYHV1fLiVKNY5srz2xUn775Z9FH9zSpp1_iex4QHYnl4R1Aht4xEI7cSPKg_iLNRR-V8dKqLdErT9HICeoHjg3E485xdFoD58n
Delhi,Agrasen ki Baoli,Stepwell,4.2,ChIJ2WjYEzP9DDkRG_AKY2WphJA,AdDdOWrPmbBmT2tlDwrGDL31WE0e8VJqqY1qrncvjidnq4CYHoSQcYk3IM0eVwgS1uBYE-sT2PzIzM_amD_keiAfy0Cq_a-hoLuPDycTjS_uHoiGZxsYiwCyl7ab6yjBAnF4v_6NxU21z2VGEGQaGXim9w1E9wnunIS-vfwvVfnHdl7HLSLt
Delhi,Sunder Nursery,Park,4.6,ChIJ1dKqABzjDDkRguxsdYzFDlw,AdDdOWrtfO_uYlKbbHp4ac_khuME6AhseVN87nzluNzCe-WSnrOzLJoyW6Og2NGWaD6xaVgAxHBHJZBh8gR_EYAbUNz03l1Fr_bcPgigoJsFOL7euWgofkmWhhhTWXXPkuQAbwUPyoCXznwRjnwtYyHvLFe0t_9HjJ5CmDTMhoERndt-i5n5
Delhi,Garden of Five Senses,Park,4.1,ChIJFZkh6uPhDDkRHCcxh5hX_BQ,AdDdOWoNRM3eWP1NWW60AXOQ3u6mBMugrW8i5XLNY8TUUmeMikmAzDNwnlaHjOqHOALAFC_EMhywKg0z7eomXvMVuMOfrQ5mKXelS3PbokzcpvW0wLJjGOAe592-ARd00ZtE-FNI_GImMNFsWy0SUXmCOwxDk19UU_NbU5OX7xUX-SxWb85B
Delhi,Lodhi Garden,Park,4.5,ChIJNS7J7OziDDkR6ksNHEt2wIY,AdDdOWp_MpaICXBjTF06iU7z7wbE3noqI8GcsvW8x-5YS5b4rFQC_CsTP_Z97aBj9jUY5GwViF7fV8dXNgq4MUtD50mBGwN6dN8yHTMLwAzR7i_fW_c74jdWLML24XQwi5P126B1Z09VfdvVLQkfpK7Gw_J65mbXzxNbNSi6HMp2AqoP1cII
Delhi,National Gallery of Modern Art,Museum,4.5,ChIJ_____9rR5zsRp-h-K4oIkFM,AdDdOWqbEB06IWSN7AQUgIPjSamuMFOBM2HpilHbvDxWWJmF5608_VuQE_4M5n06r2kzY106UVYfWtw4ffJU7o7L6w-Rl1GG7mt_JjYhYyngI-svfxSDnv6zg2wyjXKMK7REu8DKgP6Fc1FZ74soLinx3Bn-nvcQzPJ9zo4PoB7hSUXHOW5B
Delhi,National Zoological Park ,Zoo,4.1,ChIJudsnoBjjDDkRSARYWWscKvE,AdDdOWqcKKxiNDiU-EqDWxBxBdBahD8ORbxvsZMcJ0Rjp1imXXP98aup6S6AxKzC5y7C8bMGql_O_ZpkYNcFBzxqnlXt_2MAgPb6XOeaCCg7JAOlYHosGEoILNTOOw8RzIfqFj-6ObZovOT7xoYgj368dnp85Gmfz8IqE59cgiNLqFA8e05u
Delhi,Qutub Minar,Monument,4.5,ChIJT5uBZwYeDTkRuJ11YPGVSYM,AdDdOWqnvwWMNMXgzHoezMOqVMfoo6Sk8J6D878s5jVGXgj-shRvox_rfSsKa7zNYbXNUty5TjoWl9BbsPeKtlJKYULdXrNqF1q_3p0MCOzqzXifaprmTNmbeweQNtBZALs54WwyLCpNPSdkKlama73BnNnJ-e3mEJH-0sHjL6O13blTj0Ov
Delhi,National Science Centre,Science,4.4,ChIJGwO7EibjDDkR4At2961aPPE,AdDdOWo0nHkhV_CWOo4ud9TFNu-0lpdnKgXAaEylBx8hCAhyKTDrOq0KTSGoyEIcAIxxGofYqZci3hvoa-IEvcUiejcg9PQt0lEgl7Vm57w74VsSVIXSVZbmh6BJhwkf4mqGunDpA_PnA7I0Bkm29BKWDrlEsci5_jOJm5VPo18crLX8XW9G
Mumbai,Marine Drive,Promenade,4.5,ChIJnUPoXuLR5zsRK60mJ0-SzVo,AdDdOWqEts_qL3pSBHeP7vByABgqGoEK9u_Q6K_4WF2GGiVNE_muE5PdbXHCUpI89PzpHODXlSqAK_B-Va0mjHCqwA-WD8F0kMWiPjQm1LYTjBa_69dMtGVplkK6gnS4LIiANBq0tSoJGVCaIbAppqUVrExvuRFFHsu3sff9HS-xZpPXVv3X
Mumbai,Gateway of India,Monument,4.6,ChIJrVwNOsfR5zsRPHOcIKclCsc,AdDdOWrOqwAuj8C7ias4w9H5Kr7N6N09d-9aDKLbfBTCoaNleApeSPeM2FdsoJ-QfoRtInvrlRnCclocj8YuWRy9633WQGnkh5n5Bh5I_4yBHy89U6BUW3q7p-Qt87xL8-qM-OGD1tDqBfYGAMhj5GrDQ1HgxEx527wczRzW9EQzBlecr9jb
Mumbai,Chhatrapati Shivaji Maharaj Vastu Sangrahalaya,Museum,4.6,ChIJJ7H46sPR5zsRU5I-VRAm50Q,AdDdOWoXLb86B1wWrRJCl7TZ9kj779ExL43XeJPe4pyhdi5Tp3CqrRHeDRM403RfVqENCk_VAlv0Ux2zCV8FhLN-esibPiBweMVqlSX2DCHU4YOXg7BWYRddLEUy_FUY9uTxqmnMBf7vj5cqMwdtiOuCsWfn6ZVrKuH62MA69A5N_bk7gsdP
Mumbai,Sanjay Gandhi National Park,National Park,4.3,ChIJnz0di8iw5zsRz-Ko2mndITY,AdDdOWq4Le11qmSINrJNiS5sqlyXdmpqPI11cObx7v8Nx0Ai8OAEiHbjuERCihl57DnBNBHKrSe_QhExgroIZ_YcHhQdGk-uSQuQdRFWJPmzoqIFw-azTry8_KDaB4SV8U_f0BiC8W1OxTMG2usiO5bu_8rG70APWVC1m10hJC5zM4fSRE0O
Mumbai,Siddhivinayak Temple,Temple,4.8,ChIJw-tR2MDO5zsRKWNSFGmHYcw,AdDdOWqzdQY1K2SF3oAy2u7Oxh8i9FubKpOZdzsKkSIJbHVB9XCQOvzKBjryRuD7utt3cxkRUhmFL0a8q7ynPtkwDg5I-Z-KKM2HOtOxhJ8yDh99VYgLEFxqYpsFY5_TDajiaV7ans4tZI3XK3f2HqfbMMcfES4r81rh-nhvOAboppFs03E
Mumbai,Mahalaxmi Temple,Temple,4.7,ChIJ0T445WzO5zsRYt1jJFF6DOI,AdDdOWrhfKTTL0N7YPmP21F0qnAVA30RxU2XQhGbhsI0H40dLnaS7BisShzLwIu0lUp5sK0nbDcrUhDfKKNGRDu6cSW-2B6pjO2KbwflGtfF27pgRLM3lG4fX8_08o3luXozxUjFAIeCijk1ZQedCHXEZQ5QMVlmkkTyXFIY1OVDBWRd0glu
Mumbai,Haji Ali Dargah,Religious Shrine,4.4,ChIJ40INk37O5zsRBY0Hq8dd4NU,AdDdOWo0HGDHVawXZbqcaplHCDo81hghej-554_KA7WM5sKLEM1wAQ-q8Q7pPILEkadMKxU2G0bWqdgjbMv1V9ZaNXCwJPuPNGoq84Uz1AMWROXf0zA8L3_Nfc2QNGVFnFKUN4XaSrgh6J4oI-yfPbKnHUck-vjiZNlNWbgYfnWgCbwoogNH
Mumbai,Chowpatty Beach,Beach,4.3,ChIJSW6EGQ_O5zsRv8mYUqj-ntw,AdDdOWrjlAb9xUqT5i-s22X1YpsWSuLbJCAaGC31NkqyV4fDFUZ47KkXJQstPtQkkd7qb0QgCIprsURfI5VK3xhmHL2R4IT7lJOPgmUC27P3qeW__pi8wpckMwTDskxYRndC3P4i5GWQE2K28geWm0piqMoZC3WLeV2Mmo_xrtTITkCNn54m
Mumbai,Essel World,Amusement Park,4.3,ChIJsWNPGBG05zsRbvTUhyCi2sQ,AdDdOWprX-GBjmAZ4YQlSsdQ-ag6e2Re2fOJcaBGq2b-ZPyweR9MJNmTQfzkec3YH4jQOVl3RtMK4qqSZly2QSyPPpvOjFv7HA_W7RaiIfcMMlW9e1lW10zVqx--kUNa6FySUm6qZ-Rl1iunaBS8CIvzdY0riqaLAWvuzPLuFEspw4U3k7lZ
Mumbai,Elephanta Caves,Monument,4.3,ChIJL2CjfTDF5zsRP_WuGhsYq_Q,AdDdOWp4xdnHSrYvkVjyw90Yw0ebcqr1278t4gNxjqVsztPs_4rEJxnRmgBbNxWUQlhckHSHmjzxdkawGp5tkyO8SXfJMYMqm8GIDf7QZm96Xbr8wElic9wuvPxYIvYEYC1aKac6qbNl2Hm6wpqe2_sd6BJmEpbSHO9vYtpNDnTFSZ0327sm
Hyderabad,Charminar,Landmark,4.5,ChIJm5MaboqXyzsR-xPxquRpWss,AdDdOWqfCsBAH_GoTRFoB_ANHbLzKkF0Tv2Q_yRt6ZF20FMu1FpW0rS8o5nfd90ArrQOp-4IFHFGEdAOTs7MUYRDrBG-t5wTmZ3n-ygDGDuu9mdiOXXjXEuxEhJAYnLYknDCKZlII8zVYbqqbNUmA67W0XCnrhEHz3lnQworiinX74SzIEE
Hyderabad,Golconda Fort,Fort,4.4,ChIJj6mupo6WyzsRWjNa1t_sdms,AdDdOWpTUXZ5vh_sw5ii_1f_Skc1ZW8KGlkdKcweKOynrtQTmQ75OV8PmuWNUpro0kF1Lh3v16pVM98Pfsv3eNbpO0ElfxD4ZcsOhi-9U_O04sSql7jx2awQAkjrMDAyBZPydvSQdUzxWcsw6I9qlzSPetnQeZ8k6QhVv3nGc0ULwFoumYJ5
Hyderabad,Hussain Sagar Lake,Lake,4.3,ChIJa5sujFWXyzsRnU6EzGNTcCU,AdDdOWr0TkH1G9iZQQbrDtz-G3jvHEZti-80TI8Grr1QLjlt3h2xMut96emX0K4ifA77W5nAKsaJ3Cuq4ibQyX1jYPGYa5o0mwfdQ3bSPidgWZo6Rt9czedRlpi-RkITqkU2P-eybFq7tfegKYvNABWkiYm_GnoAI0Uh1vsKoeuxVzD5iuGy
Hyderabad,Ramoji Film City,Film Studio,4.4,ChIJlVOHr4oJyzsRG2cIAmyERMM,AdDdOWq3XT3pj_vClhADEbRpOWT8lLON9c_pS8IcMEwyfadH0FF53D86p5AZamVwmAglFtb2pXphfYY9_oE-FBm5O5s0of6tuaxElQc786mV2efTt2Tc2RCga5SzxRBm8oUy71u6ILoWbs9mWMIspQ2SSgki3xQT1vK9wuFncWI-iPZ6XKyS
Hyderabad,Salar Jung Museum,Museum,4.4,ChIJu9dj4oeXyzsRQaBpm0uTOzU,AdDdOWrFgWd6nvtkb6mL3vNl_W8mh8DE89Hks60hxIwN1J60Ss-fcjtwwZq_HQeCoRhYbLS18UGN-IvJOH_gzulCNB5iL0AkdGALoknE_5X5de_9ZeSZLw-606uGKrR6Ox9E0pmQGGQpnxkZ7Vi3cWydkFa81_wQavLLGlewYuiR-bx0sPIe
Hyderabad,Qutb Shahi Tombs,Tombs,4.4,ChIJEadvQpeWyzsR9dHNyw6hS4A,AdDdOWqLo1eBXUGcRMrbs3H7OUn1QSg3Nwe6UGIxoa4uQj9cS7R5OaVIlwVlWRFJohNI_1s9ik5r_iRtgpFA-fpE-SjS2T-fl3KeIEx8aFgtufTqm459i1osCHcxmCKzQmaVYN0SRjAZ7MHqg6S3L-2CeeF4xlctwAoChWu85AlcnZmO0ANZ
Hyderabad,Birla Mandir,Temple,4.7,ChIJBcAk0V2XyzsRjing1vqfQ1k,AdDdOWrkG4-DQw5OcKBIo4iPWqhrbrRvqf3CLAfKmbzFncJVvftk3EJUqwQ04BcROvFjLOTjA8MNisWiPAF1p7LzGNuZCZgcV9hNLWWBGjDiboDg8pRWruVu3cn6JXmlNa8O_y1ncCaVpXYkDfbBacn9TCdiJx5uMXrSWlZb-T7LjoBk7DqJ
Hyderabad,Chowmahalla Palace,Palace,4.4,ChIJq6qq2oqXyzsR6Ovd2kXV2U0,AdDdOWrcbgmueiUoBjoPcfO7IUOGxGueackqyf0UsbGdPFI2vVLAYaD8Ut3wzJxMIosPdapNcFFHjjntmg05G5G1fhaBFh8NcAyAnETQEeR2Weag_xJ71w4ZSXJxL57fYajP0CMeMy0oEeSo_iFNoi8e7R8w6CKq8U1XQziYyLuTZicA9TNu
Hyderabad,Nehru Zoological Park,Zoo,4.2,ChIJY8IDjM-XyzsRMjt5CbX0zT0,AdDdOWr4vp7x98bQRRe5xKgyJNxfRQpMQyIDnhX8MlpuTuMmy32ZmA6SArc952TvbNx9OuGKDz_U4KA0xPP3i1r1F--ejq5f4E8Sw3O66gjHWw15AtBiEsTrRiDntpt5JqpVjHyFiVEL9KPUygV-BpWlVBhyAK93PEsdUqPS-awFNjO8L1hE
Hyderabad,Lumbini Park,Park,4.1,ChIJpeyxLF-XyzsRXBhk5vcfEmU,AdDdOWpDUyOK4khrHpBCYFarpM51CQLWapjNaDnOyh1iWIHTjwFrtAl9WGSy99UDpildLaVd4lmvp5HpQIHrcEp1Q-eYQcUrIeCFPgtJWRafYEArFMZ5TGNha_tftoErYOW_s2M-HRtMycKXmasm27_4pTaxSam50ZriUFmcmzFJwVP12J40
Kolkata,Victoria Memorial,Museum,4.6,ChIJXQGuRhN3AjoRY5fjvORAtQA,AdDdOWoUT-ZZSKEmq_UveEz_NInE4wH5H05i3E1sDmlQzd-Tie_UKxlSVpvOwIQQi5eXEIH8jnTuT4S3RG7J5NY2tDOzY6qziQy3BL4uYMuJUC0JywONsbCBvAVFEDMSTyzgJ0UTJX3ZGJl4iXt6me3ivGjnbE5aKj2zAC2PNBDVmtUt2jaI
Kolkata,Howrah Bridge,Bridge,4.6,ChIJG-seu793AjoRmRFBjKoKhMk,AdDdOWoo12yv9YRo3vfiofOuIa0daT7F8fzKhxiZPXER7IfVVai2mgOmQIm7MecB6nrCGStx9LPIwS69M-tzgOGsLg4eGqTQAk89pSJnTAn7SwIsJ6sfm3dH3MICSbhFssMyXbsgUrkjY_8_nTSW23ffshLzSZ0i-OnyVQ5F6d5co9uiCeCZ
Kolkata,Indian Museum,Museum,4.6,ChIJ33o0YBF3AjoRrAtN-RkG158,AdDdOWqtvS8NTfmtUhjN7L_dzcdQyFDg6CQ5sk3y1CERnrZLtbIDnYy-sihO_vUmuOr8JfXSYV3KSA083BbyBgsxtWL-uJmvia5HhyZjgsxaV_8W2-4KEhPm_dflFafNAxjuKnsOnof3NHgJX3mS8MFVr57aiPHEAkFTIyKHFic1f3MXQERc
Kolkata,Dakshineswar Kali Temple,Temple,4.7,ChIJKXjZ3QOd-DkRTF0w7e-Ao_8,AdDdOWooV_0rjb4huLGVfpLZ2zbizY3kLmNvt3gSt5PrST5KIyBvuSD0TGWvdeceFv1PnjAATNtaeRBVbSx0KCTgGygjhFRWCrnCqRzxJmDSu9HIefBdPubJ1x70GdvwfG6aSviYf6UDhaOXp3AbdoVY0z1DJLjUpPdbeFM5-8UIqTABPnip
Kolkata,Kalighat Kali Temple,Temple,4.4,ChIJ667AQUp3AjoRT91RX1CJkQ0,AdDdOWpyPPrnTzLpov-niK3D9Ea4HMxj2q4NGCPObDEE06gznm-Jb7xyIsKVqafjuElxcSc4oa6o-3FgWV_1ghA6bAPACb0i0w6YWasfEXfsMeLpoR5MapogQ_WsWnyO1P8cCSwF_knJyDUYoI9Ipv7erOKvor-Ss5FWKo5VczpuR7cZ6bRL
Kolkata,Eden Gardens,Cricket Ground,4.1,ChIJr7nl9593AjoReb27vYQYGx0,AdDdOWrGy9KoyW9d4T7-4zr1CBN7UwY9DFcfYN2pUL-c8nVk4ruxHThsygkrjcAGmgyfXzjVmn_0Nz7kihOvA765a_1MFo7M46AiKpJdhftTQjQrlNugT0f-ZheUpefp4RLEwHoLsTOI9L7Covtl70a_VWfBaz2Vcc0tMEpPMaiX9BPsHLie
Kolkata,Alipore Zoological Gardens,Zoo,4.3,ChIJ_f___1B3AjoRaqMT5rupmd8,AdDdOWr8GxVqreA04RdajJnGK-FO0AZYAEc89aV7vu3w2udu_sJ_ubWBma_12G4kGg3dDi-BU84NpS_qCqUhiD0KJyR_la0I8IP2W5NkqyOIieSQtXM3sasH-OKxXRTPq_tTtMcFjOoynC1LRvv-5UjTs0puRMVPfAzl7kpinBHJ6GJ1e4de
Kolkata,Science City Kolkata,Science,4.4,ChIJk2fLCKJ2AjoR6FRD0CK_a2c,AdDdOWpr_D8TfmhcBl3jgVph_96YuggsneslEqRRt4BxJcV1j4j222ZJcc7MEG4jZC160A5ivnSZPDvBkMKXdeedVMcsFOnPPwFqMuehyJ4t-ZQNC4hVhuGXqODiPhbYYJzaFg3fmG51pyvr3UyLUl3ZtO86hVxaEL9YxIJ7dkXNqnhK6QEC
Kolkata,Belur Math,Site,4.7,ChIJ6zG7vHOd-DkRGUI-jZZuNJ4,AdDdOWqILyERmXgLFUX5AZgWdhCWllcYYegZNDeLx4sVuVy9DovmS-hue4X1ApIn1f0aDb2j1l5tSLQvP0fG7g0QjutKRRC5TMqjNgwQXu9LeALNiLPCQlgWlhiH92odnh-S_I13xyCfhqPeAU27441zLmISIOZornc7QPE6DXNFZpl4Yp2y
Kolkata,Marble Palace,Palace,4.4,ChIJz54hfLR3AjoRnVaB8jiPTdg,AdDdOWrorWBTFFdJoziCs8upaGUFSUTG-eK12ahib9ZgYoZzhUfcTVoRcAIf53qZlc3AaTHbQy0BmN9sDuQTEoEybi18jdoxMrUkkEBiP4yvURUMAmylGOY_fSQyErYEEq-PXHxlpEceNQiV4sez5riZqA8w1r39XUSltWbh3vZ13D4oYnA8
Hyderabad,Inorbit Mall Cyberabad,Mall,4.5,ChIJEUdt5i-XyzsRE1OhHGknLX8,AdDdOWooI3URrMj5XjNMZ-Da8LlCZIi0MZowAZ57M5rIBVUwDlhynreTZU0QCQ4EoPY2C9ApBnpmSGcR2Q0dyYJabG-L0nwuMtIn_v-618kFKAMGUI0hNovynHj0gyhatuYBijR2UOdQUrEwkOS0VNUI1u2II8Qmd7bIaeHdO4OOYXNTLUkR
